source_file,auction_date,number,brand,model,year,month,cc,color,transmission,tax,violation,strong_violation,price,grade,mileage_km,mileage_available,vehicle_type
2022-09-21_行將競拍結果.md,2022-09-21,2521,GOGORO,GOGORO 3,2019,5,8,淺藍,自,0,0,0,25000,N,28900,1,motorcycle
2022-09-21_行將競拍結果.md,2022-09-21,2089,SUZUKI,JIMNY,2001,2,1328,銀,自,0,0,0,101000,A,189789,1,motorcycle
2022-09-21_行將競拍結果.md,2022-09-21,2561,SUZUKI,JIMNY,2003,7,1328,銀,自,0,0,0,105000,A,305941,1,motorcycle
2022-09-21_行將競拍結果.md,2022-09-21,1046,SUZUKI,JIMNY,2013,6,1328,銀,自,0,0,0,315000,A,136285,1,motorcycle
2022-09-21_行將競拍結果.md,2022-09-21,510,SUZUKI,SWIFT,2007,5,1328,深藍,自,0,0,0,423000,A,33927,1,motorcycle
2022-09-21_行將競拍結果.md,2022-09-21,2331,SUZUKI,SWIFT,2013,5,1372,紅,自,0,0,0,230000,C,70995,1,motorcycle
2022-09-21_行將競拍結果.md,2022-09-21,3939,SUZUKI,VITARA,2016,9,1586,黑,手自,0,0,0,255000,A,208841,1,motorcycle
2022-09-21_行將競拍結果.md,2022-09-21,204,SYM,WOO 100,2020,3,124,紅,自,450,0,0,36000,N,19110,1,motorcycle
2022-09-21_行將競拍結果.md,2022-09-21,261,YAMAHA,CYGNUS-X,2017,9,124,白灰,自,1800,0,0,41000,N,2840,1,motorcycle
2022-09-21_行將競拍結果.md,2022-09-21,278,YAMAHA,FORCE,2019,5,155,深藍灰,自,0,3000,0,45000,N,,0,motorcycle
2023-08-02_行將競拍結果.md,2023-08-02,2005,SUZUKI,JIMNY,2008,6,1328,深藍,自,0,0,0,138000,C,90339,1,motorcycle
2023-08-02_行將競拍結果.md,2023-08-02,2116,SUZUKI,SWIFT,2006,8,1490,黑白,自,0,0,0,65000,B,261011,1,motorcycle
2023-08-02_行將競拍結果.md,2023-08-02,2844,SUZUKI,SWIFT,2008,9,1490,白,自,0,0,0,70000,A,195927,1,motorcycle
2023-08-02_行將競拍結果.md,2023-08-02,1084,SUZUKI,SWIFT,2019,9,998,銀黑,手自,0,0,0,450000,A,40070,1,motorcycle
2023-08-02_行將競拍結果.md,2023-08-02,701,SYM,FIDDLE 115,2021,11,115,粉紅,自,600,0,0,33000,N,6443,1,motorcycle
2023-08-09_行將競拍結果.md,2023-08-09,308,GOGORO,GOGORO 2,2020,9,8,深灰,自,0,0,0,10000,N,,0,motorcycle
2023-08-09_行將競拍結果.md,2023-08-09,1098,SUZUKI,IGNIS,2019,1,1242,紅黑,自,0,0,0,364000,A,30599,1,motorcycle
2023-08-09_行將競拍結果.md,2023-08-09,6324,SUZUKI,SWIFT,2007,4,1490,黑白,自,0,0,0,65000,B,143425,1,motorcycle
2023-08-09_行將競拍結果.md,2023-08-09,2857,SUZUKI,SWIFT,2019,8,1373,灰,手自,0,0,0,380000,C,14623,1,motorcycle
2023-08-09_行將競拍結果.md,2023-08-09,302,SYM,FIDDLE,2023,1,124,灰紅,自,1350,0,3,47000,N,1257,1,motorcycle
2023-08-09_行將競拍結果.md,2023-08-09,954,SYM,WOO 115,2020,6,124,銀,自,900,0,0,62000,N,,0,motorcycle
2023-08-09_行將競拍結果.md,2023-08-09,333,YAMAHA,AXIS Z,2018,6,124,深灰灰,自,0,0,0,17000,N,6967,1,motorcycle
2023-08-09_行將競拍結果.md,2023-08-09,304,YAMAHA,VINOORA,2020,10,125,灰,自,638,9200,4,31000,N,18887,1,motorcycle
2023-08-11_行將競拍結果.md,2023-08-11,347,GOGORO,GOGORO 1,2017,9,8,黃,自,0,700,0,14000,N,,0,motorcycle
2023-08-11_行將競拍結果.md,2023-08-11,720,HONDA,CBR650R,2022,9,399,紅,手,2520,0,0,155000,N,48678,1,motorcycle
2023-08-11_行將競拍結果.md,2023-08-11,2060,SUZUKI,IGNIS,2017,10,1242,白,自,0,0,0,258000,C,93518,1,motorcycle
2023-08-11_行將競拍結果.md,2023-08-11,2833,SUZUKI,SWIFT,2005,10,1490,灰,自,0,0,0,60000,C,105554,1,motorcycle
2023-08-11_行將競拍結果.md,2023-08-11,332,SYM,DUKE 125,2019,7,124,深藍,自,0,4800,0,11000,N,18330,1,motorcycle
2023-08-11_行將競拍結果.md,2023-08-11,717,SYM,JET S,2018,3,124,白藍,自,450,1800,0,42000,N,9016,1,motorcycle
2023-08-11_行將競拍結果.md,2023-08-11,940,SYM,JET S,2018,7,124,黑紅,自,450,0,0,11000,N,73025,1,motorcycle
2023-08-11_行將競拍結果.md,2023-08-11,342,YAMAHA,GRYPHUS,2021,9,125,白深灰,自,450,20900,2,52000,N,,0,motorcycle
2023-08-16_行將競拍結果.md,2023-08-16,356,GOGORO,GOGORO VIVA,2021,3,4,藍,自,0,0,0,5000,N,,0,motorcycle
2023-08-16_行將競拍結果.md,2023-08-16,931,SUZUKI,NEX,2018,4,1590,銀,自,0,0,0,96000,A,175419,1,motorcycle
2023-08-16_行將競拍結果.md,2023-08-16,1096,SUZUKI,SWIFT,2012,7,1586,白,手自,0,0,0,250000,A,92724,1,motorcycle
2023-08-16_行將競拍結果.md,2023-08-16,1075,SUZUKI,SWIFT,2013,6,1586,銀,手自,0,0,0,316000,A,59602,1,motorcycle
2023-08-16_行將競拍結果.md,2023-08-16,916,SYM,MII,2017,10,111,黑,自,1350,0,0,14000,N,12058,1,motorcycle
2023-08-16_行將競拍結果.md,2023-08-16,301,YAMAHA,CYGNUS-X,2013,4,124,紅黑,自,0,0,0,12000,N,25563,1,motorcycle
2023-08-16_行將競拍結果.md,2023-08-16,949,YAMAHA,T-MAX,2021,4,562,灰,自,3360,2300,0,256000,N,39573,1,motorcycle
2023-10-04_行將競拍結果.md,2023-10-04,1304,SUZUKI,JIMNY,2014,6,1328,銀,自,44820,0,0,279000,A,90240,1,motorcycle
2023-10-04_行將競拍結果.md,2023-10-04,2816,SUZUKI,SWIFT,2009,3,1490,白,自,0,0,0,84000,C,186438,1,motorcycle
2023-10-04_行將競拍結果.md,2023-10-04,1013,SUZUKI,SWIFT,2013,9,1242,灰,自,0,0,0,260000,A,87111,1,motorcycle
2023-10-04_行將競拍結果.md,2023-10-04,325,SYM,JET,2023,1,124,白紛紅,自,2250,0,0,4000,N,1951,1,motorcycle
2023-10-04_行將競拍結果.md,2023-10-04,704,SYM,VEGA,2020,7,124,黑,自,450,0,0,20000,N,99999,1,motorcycle
2023-10-04_行將競拍結果.md,2023-10-04,326,YAMAHA,CYGNUS-X,2018,2,124,深藍灰,自,0,0,0,28000,N,,0,motorcycle
2023-10-04_行將競拍結果.md,2023-10-04,316,YAMAHA,FORCE,2018,4,155,白深灰,自,2800,0,1,23000,N,,0,motorcycle
2023-10-04_行將競拍結果.md,2023-10-04,901,YAMAHA,GRYPHUS,2022,4,125,深藍,自,450,1800,0,50000,N,6284,1,motorcycle
2023-10-06_行將競拍結果.md,2023-10-06,2501,SUZUKI,SWIFT,2006,2,1490,黑,自,0,0,0,65000,B,94259,1,motorcycle
2023-10-06_行將競拍結果.md,2023-10-06,2520,SUZUKI,SX4,2008,10,1586,黑,自,0,0,0,95000,A,176600,1,motorcycle
2023-10-06_行將競拍結果.md,2023-10-06,340,SYM,DUKE 125,2018,4,1995,灰,自,11310,900,0,8000,B,229963,1,motorcycle
2023-10-06_行將競拍結果.md,2023-10-06,320,SYM,JET S,2017,7,124,灰黑,自,450,0,0,12000,N,48715,1,motorcycle
2023-10-06_行將競拍結果.md,2023-10-06,328,YAMAHA,CUXI,2020,6,2400,黑深灰,自,14938,2800,0,14000,N,,0,motorcycle
2023-10-06_行將競拍結果.md,2023-10-06,334,YAMAHA,JOG,2016,6,113,白灰,自,126,0,0,8000,N,23033,1,motorcycle
2023-10-06_行將競拍結果.md,2023-10-06,923,YAMAHA,R15,2021,2,155,黑,手,2000,3475,0,33000,N,16065,1,motorcycle
2023-11-22_行將競拍結果.md,2023-11-22,2328,SUZUKI,GRAND VITARA,2001,6,2493,銀棕,自,0,0,0,36000,B,,1,motorcycle
2023-11-22_行將競拍結果.md,2023-11-22,1848,SUZUKI,VITARA,2017,6,1586,白,手自,0,0,0,285000,A,89849,1,motorcycle
2023-11-22_行將競拍結果.md,2023-11-22,721,SYM,GT125,2017,2,124,黑,自,450,0,0,6000,N,14923,1,motorcycle
2023-11-22_行將競拍結果.md,2023-11-22,702,YAMAHA,CYGNUS-X,2017,2,124,深灰黑,自,450,1600,0,13000,N,,0,motorcycle
2023-11-22_行將競拍結果.md,2023-11-22,338,YAMAHA,RS,2019,9,124,深灰紅,自,0,900,0,14000,N,28525,1,motorcycle
2023-11-24_行將競拍結果.md,2023-11-24,704,GOGORO,GOGORO 2,2022,8,10,深綠,自,0,1500,0,48000,N,,0,motorcycle
2023-11-24_行將競拍結果.md,2023-11-24,1330,SUZUKI,ALTO,2014,1,998,白,自,34820,0,0,98000,B+,118609,1,motorcycle
2023-11-24_行將競拍結果.md,2023-11-24,349,SUZUKI,GSX-R150,2018,4,147,黑,手,600,0,0,4000,N,,0,motorcycle
2023-11-24_行將競拍結果.md,2023-11-24,721,YAMAHA,BWS,2020,12,125,深灰黑,自,450,0,0,50000,N,,0,motorcycle
2023-11-24_行將競拍結果.md,2023-11-24,338,YAMAHA,CYGNUS-X,2017,11,124,深灰黑,自,900,5700,2,16000,N,28635,1,motorcycle
2023-11-24_行將競拍結果.md,2023-11-24,314,YAMAHA,R15,2021,12,155,藍黑,手,600,9300,0,18000,N,8809,1,motorcycle
2023-12-06_行將競拍結果.md,2023-12-06,927,SUZUKI,GSX-R150,2019,8,147,藍,手,0,4500,0,12000,N,18854,1,motorcycle
2023-12-06_行將競拍結果.md,2023-12-06,2008,SUZUKI,SWIFT,2007,12,1490,黑,自,0,0,0,41000,C,171185,1,motorcycle
2023-12-06_行將競拍結果.md,2023-12-06,926,SYM,DRG 158,2022,9,158,深藍,自,0,2700,0,61000,N,20725,1,motorcycle
2023-12-06_行將競拍結果.md,2023-12-06,341,SYM,JET,2022,2,124,紫黑,自,450,0,0,59000,N,13233,1,motorcycle
2023-12-06_行將競拍結果.md,2023-12-06,318,SYM,VEGA,2018,10,124,灰黑,自,450,0,0,16000,N,,0,motorcycle
2023-12-06_行將競拍結果.md,2023-12-06,942,SYM,Z1 ATTILA,2020,9,124,黑,自,450,0,2,17000,N,6216,1,motorcycle
2023-12-06_行將競拍結果.md,2023-12-06,307,YAMAHA,BWS,2018,8,124,紅白,自,450,900,0,15000,N,,0,motorcycle
2023-12-06_行將競拍結果.md,2023-12-06,321,YAMAHA,GRYPHUS,2020,8,125,深藍深灰,自,450,600,0,43000,N,,0,motorcycle
2023-12-06_行將競拍結果.md,2023-12-06,352,YAMAHA,R15,2019,9,155,黑,手,0,1500,0,45000,N,,0,motorcycle
2023-12-08_行將競拍結果.md,2023-12-08,317,GOGORO,GOGORO 2,2020,3,10,黑,自,0,0,0,18000,N,,0,motorcycle
2023-12-08_行將競拍結果.md,2023-12-08,2579,SUZUKI,JIMNY,2005,5,1328,紅,自,0,0,0,124000,A,151845,1,motorcycle
2023-12-08_行將競拍結果.md,2023-12-08,3098,SUZUKI,SWIFT,2014,5,1242,紅,自,0,0,0,180000,B+,99593,1,motorcycle
2023-12-08_行將競拍結果.md,2023-12-08,750,SYM,FNX,2018,7,124,灰黑,自,2250,1500,0,8000,N,99999,1,motorcycle
2023-12-08_行將競拍結果.md,2023-12-08,720,SYM,VIVO,2019,4,124,灰,自,450,0,0,13000,N,22029,1,motorcycle
2023-12-08_行將競拍結果.md,2023-12-08,324,YAMAHA,JOG,2021,5,125,灰,自,450,0,0,24000,N,6761,1,motorcycle
2023-12-08_行將競拍結果.md,2023-12-08,749,YAMAHA,R15,2021,9,155,黑,手,1800,4800,2,23000,N,,0,motorcycle
2024-08-14_行將競拍結果.md,2024-08-14,921,GOGORO,GOGORO S2,2021,12,10,深棕,自,0,0,0,42000,N,,0,motorcycle
2024-08-14_行將競拍結果.md,2024-08-14,929,HONDA,CBR150R,2020,7,149,橙黃黑白,手,600,0,0,57000,N,,0,motorcycle
2024-08-14_行將競拍結果.md,2024-08-14,510,SUZUKI,CARRY,2017,6,1590,銀,手,4800,1200,0,136000,A,111763,1,motorcycle
2024-08-14_行將競拍結果.md,2024-08-14,2327,SUZUKI,JIMNY,2005,4,1328,黑,自,0,0,0,100000,B,222281,1,motorcycle
2024-08-14_行將競拍結果.md,2024-08-14,1011,SUZUKI,SWIFT,2019,10,998,銀黑,手自,0,0,0,376000,A,28550,1,motorcycle
2024-08-14_行將競拍結果.md,2024-08-14,1049,SUZUKI,SX4,2014,8,1586,白,手自,0,0,0,230000,A,51010,1,motorcycle
2024-08-14_行將競拍結果.md,2024-08-14,303,SYM,JET,2020,5,124,白藍,自,1800,20300,3,21000,N,66571,1,motorcycle
2024-08-14_行將競拍結果.md,2024-08-14,734,SYM,JET S,2021,7,124,白粉紅,自,450,2100,2,15000,N,52262,1,motorcycle
2024-08-14_行將競拍結果.md,2024-08-14,703,YAMAHA,FORCE,2019,9,155,深灰,自,800,0,0,25000,N,,0,motorcycle
2024-08-14_行將競拍結果.md,2024-08-14,311,YAMAHA,VINOORA,2020,11,125,深灰,自,450,0,0,25000,N,23954,1,motorcycle
2024-08-16_行將競拍結果.md,2024-08-16,356,SUZUKI,SALUTO 125,2020,6,124,綠,自,450,0,0,18000,N,,0,motorcycle
2024-08-16_行將競拍結果.md,2024-08-16,1019,SUZUKI,SX4,2016,1,1586,銀,手自,0,0,0,150000,A,145265,1,motorcycle
2024-08-16_行將競拍結果.md,2024-08-16,372,SYM,DRG 158,2023,7,158,深藍,自,1400,2400,0,68000,N,4947,1,motorcycle
2024-08-16_行將競拍結果.md,2024-08-16,701,SYM,FNX,2019,1,124,白藍,自,900,0,0,16000,N,,0,motorcycle
2024-08-16_行將競拍結果.md,2024-08-16,336,YAMAHA,AXIS Z,2018,8,124,灰,自,0,0,0,15000,N,10634,1,motorcycle
2024-08-16_行將競拍結果.md,2024-08-16,359,YAMAHA,FORCE,2020,6,155,深灰,自,800,0,0,29000,N,56370,1,motorcycle
2024-08-16_行將競拍結果.md,2024-08-16,302,YAMAHA,NMAX,2021,3,155,深灰灰黑,自,600,0,0,39000,N,,0,motorcycle
2024-08-16_行將競拍結果.md,2024-08-16,358,YAMAHA,R15,2021,9,155,紅黑,手,7,2700,0,26000,N,,0,motorcycle
2024-11-20_行將競拍結果.md,2024-11-20,331,GOGORO,GOGORO S2,2021,9,10,淺灰,自,0,8800,4,23000,N,,0,motorcycle
2024-11-20_行將競拍結果.md,2024-11-20,347,SUZUKI,GSX-R150,2021,10,147,黑,手,600,3600,0,15000,N,,0,motorcycle
2024-11-20_行將競拍結果.md,2024-11-20,3104,SUZUKI,SWIFT,2020,1,998,白,手自,0,0,0,417000,B+,54064,1,motorcycle
2024-11-20_行將競拍結果.md,2024-11-20,1822,SUZUKI,VITARA,2016,12,1373,白,自,0,0,0,319000,A,74909,1,motorcycle
2024-11-20_行將競拍結果.md,2024-11-20,715,SYM,DRG 158,2020,4,158,淺灰,自,2800,1900,0,39000,N,30131,1,motorcycle
2024-11-20_行將競拍結果.md,2024-11-20,327,YAMAHA,CYGNUS-X,2018,8,124,紅深灰,自,450,19500,0,18000,N,,0,motorcycle
2024-11-20_行將競拍結果.md,2024-11-20,902,YAMAHA,FORCE,2019,10,155,白深灰,自,1400,0,0,28000,N,,0,motorcycle
2024-11-20_行將競拍結果.md,2024-11-20,938,YAMAHA,MT-15,2019,8,155,黑,手,800,0,0,38000,N,18321,1,motorcycle
2024-11-22_行將競拍結果.md,2024-11-22,934,SUZUKI,SALUTO 125,2023,6,124,黑,自,450,0,0,41000,N,,0,motorcycle
2024-11-22_行將競拍結果.md,2024-11-22,312,SYM,JET,2021,6,124,綠黑,自,0,6600,1,40000,N,10444,1,motorcycle
2024-11-22_行將競拍結果.md,2024-11-22,336,SYM,JET S,2019,8,124,深藍紅,自,450,8000,1,24000,N,35376,1,motorcycle
2024-11-22_行將競拍結果.md,2024-11-22,932,SYM,WOO 100,2018,1,101,紅,自,2250,0,0,10000,N,14909,1,motorcycle
2024-11-22_行將競拍結果.md,2024-11-22,702,YAMAHA,BWS,2021,9,125,橙黃,自,450,0,0,47000,N,19871,1,motorcycle
2024-11-22_行將競拍結果.md,2024-11-22,701,YAMAHA,GRYPHUS,2021,2,125,深灰,自,450,0,0,38000,N,24057,1,motorcycle
2024-11-22_行將競拍結果.md,2024-11-22,342,YAMAHA,MT-03,2016,3,321,紅,手,1267,5700,0,15000,N,,0,motorcycle
2024-11-22_行將競拍結果.md,2024-11-22,333,YAMAHA,SMAX,2018,1,155,藍灰,自,1400,25200,0,27000,N,,0,motorcycle
2025-02-12_行將競拍結果.md,2025-02-12,1018,SUZUKI,BALENO,2017,1,998,白,手自,0,0,0,214000,A,139911,1,motorcycle
2025-02-12_行將競拍結果.md,2025-02-12,2070,SUZUKI,JIMNY,2005,4,1328,銀,自,1200,0,1,78000,C,231472,1,motorcycle
2025-02-12_行將競拍結果.md,2025-02-12,2521,SUZUKI,SWIFT,2014,4,1242,灰,自,0,0,0,170000,C,109555,1,motorcycle
2025-02-12_行將競拍結果.md,2025-02-12,302,SYM,DUKE 125,2022,1,124,灰,自,900,3757,1,18000,N,7069,1,motorcycle
2025-02-12_行將競拍結果.md,2025-02-12,908,SYM,WOO 115,2022,8,115,金,自,450,0,0,18000,N,19831,1,motorcycle
2025-02-12_行將競拍結果.md,2025-02-12,304,YAMAHA,LIMI,2024,5,125,深灰,自,0,0,0,47000,N,1920,1,motorcycle
2025-02-12_行將競拍結果.md,2025-02-12,352,YAMAHA,R15,2020,9,155,藍黑,手,1400,2400,0,26000,N,,0,motorcycle
2025-02-14_行將競拍結果.md,2025-02-14,946,HONDA,MSX,2019,4,124,紅銀黑,手,450,0,0,28000,N,,0,motorcycle
2025-02-14_行將競拍結果.md,2025-02-14,720,SUZUKI,GSX-R150,2020,1,147,藍,手,0,8100,0,10000,N,,0,motorcycle
2025-02-14_行將競拍結果.md,2025-02-14,356,SYM,DRG 158,2021,3,158,白,自,2200,5900,0,26000,N,,0,motorcycle
2025-02-14_行將競拍結果.md,2025-02-14,317,SYM,JET,2022,5,124,綠黑,自,0,0,0,47000,N,7808,1,motorcycle
2025-02-14_行將競拍結果.md,2025-02-14,325,SYM,JET SL,2024,3,124,白黑,自,0,9900,0,57000,N,5030,1,motorcycle
2025-02-14_行將競拍結果.md,2025-02-14,316,YAMAHA,BWS,2021,5,125,灰,自,450,1200,0,35000,N,,0,motorcycle
2025-02-14_行將競拍結果.md,2025-02-14,310,YAMAHA,CUXI,2019,11,113,白深藍,自,900,900,2,18000,N,,0,motorcycle
2025-02-14_行將競拍結果.md,2025-02-14,919,YAMAHA,FORCE,2022,5,155,綠深灰,自,0,0,0,40000,N,26498,1,motorcycle
2025-02-14_行將競拍結果.md,2025-02-14,315,YAMAHA,LIMI,2021,9,125,白,自,796,8600,3,21000,N,,0,motorcycle
2025-02-14_行將競拍結果.md,2025-02-14,908,YAMAHA,SWEET,2020,3,113,白,自,450,0,0,16000,N,9506,1,motorcycle
2025-02-14_行將競拍結果.md,2025-02-14,702,YAMAHA,TMAX,2015,5,530,白黑灰彩繪,自,1200,0,0,67000,N,,0,motorcycle
2025-05-09_行將競拍結果.md,2025-05-09,312,GOGORO,PREMIUM,2021,9,9,銀,自,0,0,0,10000,N,,0,motorcycle
2025-05-09_行將競拍結果.md,2025-05-09,339,HONDA,CBR150R,2021,11,149,黑,自,0,0,0,39000,N,,0,motorcycle
2025-05-09_行將競拍結果.md,2025-05-09,319,HONDA,HORNET,2022,7,184,黑,自,800,1800,0,16000,N,,0,motorcycle
2025-05-09_行將競拍結果.md,2025-05-09,126,SUZUKI,SWIFT,2011,6,1372,黑,自,12310,0,0,46000,C,135030,1,motorcycle
2025-05-09_行將競拍結果.md,2025-05-09,1050,SUZUKI,SWIFT,2020,11,1373,白,手,15829,0,0,520000,B,60447,1,motorcycle
2025-05-09_行將競拍結果.md,2025-05-09,314,SYM,DRG 158,2020,3,158,白,自,1400,0,0,26000,N,,0,motorcycle
2025-05-09_行將競拍結果.md,2025-05-09,359,SYM,DRG 158,2023,2,158,深藍,自,1600,2000,1,56000,N,18337,1,motorcycle
2025-05-09_行將競拍結果.md,2025-05-09,718,SYM,JET S,2018,8,124,白藍,自,450,900,0,20000,N,,0,motorcycle
2025-05-09_行將競拍結果.md,2025-05-09,352,SYM,金發財,2023,4,150,黑,自,556,6000,2,34000,N,11773,1,motorcycle
2025-05-09_行將競拍結果.md,2025-05-09,904,YAMAHA,AUGUR,2023,3,155,灰,自,1400,2400,0,30000,N,,0,motorcycle
2025-05-09_行將競拍結果.md,2025-05-09,316,YAMAHA,CUXI,2019,8,113,黑灰,自,900,2400,1,14000,N,,0,motorcycle
2025-05-09_行將競拍結果.md,2025-05-09,363,YAMAHA,FORCE,2022,5,155,灰深灰,自,2800,3400,1,33000,N,,0,motorcycle
2025-07-30_行將競拍結果.md,2025-07-30,1817,SUZUKI,CARRY,2016,1,1590,銀,手,0,0,0,145000,A,85688,1,motorcycle
2025-07-30_行將競拍結果.md,2025-07-30,1056,SUZUKI,SX4,2014,1,1586,白,自,0,0,0,104000,B,110742,1,motorcycle
2025-07-30_行將競拍結果.md,2025-07-30,318,SYM,VEGA,2018,12,124,藍,自,450,3634,0,15000,N,,0,motorcycle
2025-07-30_行將競拍結果.md,2025-07-30,706,YAMAHA,FORCE,2023,5,155,深灰橙黃,自,0,7800,1,32000,N,,0,motorcycle
2025-07-30_行將競拍結果.md,2025-07-30,317,YAMAHA,R15,2019,12,155,黑,手,600,15600,1,13000,N,,0,motorcycle
2025-08-13_行將競拍結果.md,2025-08-13,2006,SUZUKI,CARRY,2011,3,1590,白,手,0,0,0,95000,C,190380,1,motorcycle
2025-08-13_行將競拍結果.md,2025-08-13,1805,SUZUKI,JIMNY,2020,12,1462,綠,自,0,0,0,583000,A,25510,1,motorcycle
2025-08-13_行將競拍結果.md,2025-08-13,3010,SUZUKI,VITARA,2016,11,1586,黑,手自,0,0,0,217000,A,82861,1,motorcycle
2025-08-13_行將競拍結果.md,2025-08-13,302,SYM,DRG 158,2025,1,158,紫,自,0,0,0,83000,N,2165,1,motorcycle
2025-08-13_行將競拍結果.md,2025-08-13,303,YAMAHA,AUGUR,2023,4,155,灰,自,2800,9500,0,37000,N,20304,1,motorcycle
2025-08-13_行將競拍結果.md,2025-08-13,906,YAMAHA,GRYPHUS,2020,7,125,淺灰深灰,自,900,4200,1,24000,N,21916,1,motorcycle
2025-09-03_行將競拍結果.md,2025-09-03,1533,SUZUKI,CARRY,2017,9,1590,藍白,手,0,0,0,148000,A,61308,1,motorcycle
2025-09-03_行將競拍結果.md,2025-09-03,2806,SUZUKI,SWIFT,2016,6,1242,銀黑,自,11920,0,0,170000,A,154447,1,motorcycle
2025-09-03_行將競拍結果.md,2025-09-03,3825,SUZUKI,VITARA,2016,7,1586,白,手自,0,0,0,146000,A,213012,1,motorcycle
2025-09-03_行將競拍結果.md,2025-09-03,706,SYM,JET SL,2023,7,124,白黑紅,自,450,0,0,69000,N,,0,motorcycle
2025-09-03_行將競拍結果.md,2025-09-03,927,YAMAHA,AXIS Z,2019,2,124,深灰,自,450,0,0,7000,N,93084,1,motorcycle
2025-09-03_行將競拍結果.md,2025-09-03,902,YAMAHA,FORCE,2019,9,155,深灰,自,2800,700,0,20000,N,,0,motorcycle
2025-09-03_行將競拍結果.md,2025-09-03,321,YAMAHA,GRYPHUS,2020,8,125,白深灰,自,450,4529,1,31000,N,31416,1,motorcycle
2025-09-05_行將競拍結果.md,2025-09-05,919,GOGORO,GOGORO VIVA XL,2020,5,8,深綠,自,0,0,0,3000,N,48132,1,motorcycle
2025-09-05_行將競拍結果.md,2025-09-05,1520,SUZUKI,CARRY,2017,9,1590,藍白,手,0,0,0,150000,B+,37103,1,motorcycle
2025-09-05_行將競拍結果.md,2025-09-05,302,YAMAHA,GRYPHUS,2020,9,125,白深灰,自,450,0,0,38000,N,,0,motorcycle
2025-09-05_行將競拍結果.md,2025-09-05,349,YAMAHA,R3,2022,8,321,黑藍,手,7325,31200,3,37000,N,21770,1,motorcycle
2025-09-05_行將競拍結果.md,2025-09-05,348,YAMAHA,X-MAX,2023,6,292,深綠黑,自,4140,2600,0,130000,N,19330,1,motorcycle
2025-10-03_行將競拍結果.md,2025-10-03,330,GOGORO,GOGORO 2,2019,9,8,銀,自,0,0,0,7000,N,,0,motorcycle
2025-10-03_行將競拍結果.md,2025-10-03,315,SYM,DRG 158,2022,10,158,深藍,自,2800,0,0,45000,N,7810,1,motorcycle
2025-10-03_行將競拍結果.md,2025-10-03,958,SYM,MII,2019,11,111,黑,自,1350,0,0,14000,N,,0,motorcycle
2025-10-03_行將競拍結果.md,2025-10-03,966,SYM,Z1,2021,9,124,灰,自,450,0,0,14000,N,51550,1,motorcycle
2025-10-03_行將競拍結果.md,2025-10-03,370,YAMAHA,AXIS Z,2024,11,125,深藍深灰,自,450,0,0,32000,N,4859,1,motorcycle
2025-10-03_行將競拍結果.md,2025-10-03,727,YAMAHA,CYGNUS-X,2017,7,124,深灰黑,自,900,3300,0,10000,N,,0,motorcycle
2025-10-03_行將競拍結果.md,2025-10-03,906,YAMAHA,FORCE,2020,8,155,白深灰,自,0,0,0,32000,N,,0,motorcycle
2025-10-24_行將競拍結果.md,2025-10-24,926,GOGORO,GOGORO 2,2018,12,10,黑,自,0,0,0,3000,N,,0,motorcycle
2025-10-24_行將競拍結果.md,2025-10-24,941,GOGORO,GOGORO VIVA XL,2021,10,8,淺綠,自,0,0,0,7000,N,,0,motorcycle
2025-10-24_行將競拍結果.md,2025-10-24,1035,SUZUKI,IGNIS,2024,2,1197,白,手自,0,0,0,468000,A+,240,1,motorcycle
2025-10-24_行將競拍結果.md,2025-10-24,811,SUZUKI,SWIFT,2015,8,1242,紅,自,450,0,0,172000,B,72280,1,motorcycle
2025-10-24_行將競拍結果.md,2025-10-24,715,SYM,DUKE 125,2018,2,124,紅,自,900,0,0,7000,N,43663,1,motorcycle
2025-10-24_行將競拍結果.md,2025-10-24,711,SYM,MII,2019,4,111,黑,自,0,0,0,13000,N,,0,motorcycle
2025-10-24_行將競拍結果.md,2025-10-24,944,YAMAHA,AXIS Z,2018,2,124,紅,自,450,0,0,5000,N,42876,1,motorcycle
2025-10-24_行將競拍結果.md,2025-10-24,716,YAMAHA,FORCE,2021,9,155,白深灰,自,3913,65700,4,13000,N,,0,motorcycle
2025-10-29_行將競拍結果.md,2025-10-29,922,GOGORO,GOGORO 2,2018,10,10,黑,自,0,0,0,4000,N,,0,motorcycle
2025-10-29_行將競拍結果.md,2025-10-29,709,GOGORO,PREMIUM,2022,6,9,黑,自,0,600,0,12000,N,13335,1,motorcycle
2025-10-29_行將競拍結果.md,2025-10-29,1707,SUZUKI,JIMNY,2021,5,1462,白黑,自,7500,0,0,573000,A,46830,1,motorcycle
2025-10-29_行將競拍結果.md,2025-10-29,2712,SUZUKI,SWIFT,2013,1,1372,白,自,900,0,0,109000,B,200005,1,motorcycle
2025-10-29_行將競拍結果.md,2025-10-29,906,SYM,DRG 158,2024,2,158,深藍,自,1400,0,0,60000,N,,0,motorcycle
2025-10-29_行將競拍結果.md,2025-10-29,916,SYM,DUKE 125,2018,4,124,灰,自,900,0,0,6000,N,,0,motorcycle
2025-10-29_行將競拍結果.md,2025-10-29,347,SYM,KRN 125,2024,4,124,白黑,自,450,18000,0,27000,N,9362,1,motorcycle
2025-10-29_行將競拍結果.md,2025-10-29,901,YAMAHA,R15,2023,6,155,藍,手,450,0,0,30000,N,,0,motorcycle
2025-10-29_行將競拍結果.md,2025-10-29,701,YAMAHA,R15,2023,7,155,銀黑,手,800,4800,0,51000,N,,0,motorcycle
2026-01-21_行將競拍結果.md,2026-01-21,901,GOGORO,GOGORO VIVA,2022,12,8,淺紫,自,0,0,0,15000,N,,0,motorcycle
2026-01-21_行將競拍結果.md,2026-01-21,1522,SUZUKI,SWIFT,2013,4,1372,白,自,0,0,0,185000,A,112485,1,motorcycle
2026-01-21_行將競拍結果.md,2026-01-21,1044,SUZUKI,SWIFT,2023,8,1197,紅黑,手自,7120,0,1,449000,A,25848,1,motorcycle
2026-01-21_行將競拍結果.md,2026-01-21,914,SYM,JET,2018,5,124,黑紅,自,0,6600,0,10000,N,,0,motorcycle
2026-01-21_行將競拍結果.md,2026-01-21,302,YAMAHA,JOG,2023,8,125,深紫,自,450,0,0,19000,N,10095,1,motorcycle
2026-01-21_行將競拍結果.md,2026-01-21,317,YAMAHA,R15,2022,8,155,銀黑,手,2339,2600,2,34000,N,,0,motorcycle
2026-04-08_行將競拍結果.md,2026-04-08,2328,SUZUKI,SWIFT,2008,6,1490,灰,自,0,0,0,41000,C,209925,1,motorcycle
2026-04-08_行將競拍結果.md,2026-04-08,6201,SUZUKI,SWIFT,2013,10,1242,白,自,0,0,0,80000,B,154608,1,motorcycle
2026-04-08_行將競拍結果.md,2026-04-08,709,SYM,DRG 158,2021,2,158,藍黃白彩繪,自,15776,0,0,36000,N,,0,motorcycle
2026-04-08_行將競拍結果.md,2026-04-08,306,YAMAHA,GRYPHUS,2020,9,125,深藍深灰,自,0,0,0,32000,N,66502,1,motorcycle
2026-04-08_行將競拍結果.md,2026-04-08,321,YAMAHA,GRYPHUS,2025,1,125,黑,自,5,3900,0,66000,N,6497,1,motorcycle
2026-04-08_行將競拍結果.md,2026-04-08,302,YAMAHA,R15,2023,3,155,藍銀,手,0,0,0,51000,N,19455,1,motorcycle
2026-04-17_行將競拍結果.md,2026-04-17,309,SYM,JET SL,2024,7,158,白綠,手,0,0,0,60000,N,11297,1,motorcycle
2026-04-17_行將競拍結果.md,2026-04-17,324,GOGORO,PREMIUM,2022,10,9,銀,自,0,0,0,10000,N,,0,motorcycle
2026-04-17_行將競拍結果.md,2026-04-17,701,YAMAHA,CYGNUS-X,2020,1,124,藍,手自,0,0,0,28000,N,,0,motorcycle
2026-04-17_行將競拍結果.md,2026-04-17,920,GOGORO,GOGORO S2,2019,10,10,深灰,自,0,0,0,7000,N,,0,motorcycle
2026-04-17_行將競拍結果.md,2026-04-17,921,GOGORO,GOGORO S2,2019,11,10,紫,自,0,8700,1,4000,N,30269,1,motorcycle
2026-04-17_行將競拍結果.md,2026-04-17,3040,SUZUKI,SWIFT,2013,2,1372,淺綠,自,0,0,0,117000,B,126074,1,motorcycle
2026-04-17_行將競拍結果.md,2026-04-17,3217,SUZUKI,SWIFT,2011,7,1372,灰,自,0,0,0,150000,A,88582,1,motorcycle
2026-04-17_行將競拍結果.md,2026-04-17,3512,SUZUKI,SX4,2015,1,1586,白,自,0,0,0,186000,A,69443,1,motorcycle
2026-04-22_行將競拍結果.md,2026-04-22,2085,SUZUKI,IGNIS,2020,10,1197,淺棕黑,手自,0,0,0,256000,C,130923,1,motorcycle
2026-04-22_行將競拍結果.md,2026-04-22,2516,SUZUKI,SWIFT,2014,2,1242,白,自,0,0,0,110000,A,201291,1,motorcycle
2026-04-22_行將競拍結果.md,2026-04-22,1009,SUZUKI,SX4,2016,8,1586,灰,手自,0,0,0,152000,A,122282,1,motorcycle
2026-04-22_行將競拍結果.md,2026-04-22,709,SYM,DRG 158,2022,2,158,藍,自,3492,20100,3,29000,N,,0,motorcycle
2026-04-22_行將競拍結果.md,2026-04-22,324,YAMAHA,FZS FI,2022,6,149,黑深灰,手,263,19753,1,11000,N,,0,motorcycle
2026-04-22_行將競拍結果.md,2026-04-22,702,YAMAHA,JOG,2022,1,125,灰,自,450,900,0,19000,N,8092,1,motorcycle
2026-05-01_行將競拍結果.md,2026-05-01,3846,SUZUKI,JIMNY,2005,8,1328,銀,自,0,0,0,68000,C,150917,1,motorcycle
2026-05-01_行將競拍結果.md,2026-05-01,2706,SUZUKI,SOLIO,2007,1,1328,白,自,0,0,0,51000,B+,186590,1,motorcycle
2026-05-01_行將競拍結果.md,2026-05-01,2822,SUZUKI,SX4,2010,1,1586,白,自,4320,0,0,27000,B,267128,1,motorcycle
2026-05-01_行將競拍結果.md,2026-05-01,904,SYM,4MICA,2023,5,150,黑,自,0,1600,0,45000,N,,0,motorcycle
2026-05-01_行將競拍結果.md,2026-05-01,907,YAMAHA,JOG,2020,11,125,藍,自,0,0,0,13000,N,12174,1,motorcycle
2026-05-15_行將競拍結果.md,2026-05-15,927,GOGORO,GOGORO 2,2019,9,8,黃,自,0,0,0,6000,N,,0,motorcycle
2026-05-15_行將競拍結果.md,2026-05-15,338,SUZUKI,GSX150,2021,2,147,灰,手,600,2400,0,7000,N,,0,motorcycle
2026-05-15_行將競拍結果.md,2026-05-15,3810,SUZUKI,SWIFT,2021,3,1197,白,手自,0,0,0,411000,A,73754,1,motorcycle
2026-05-15_行將競拍結果.md,2026-05-15,310,SYM,DRG 158,2020,3,158,綠,自,0,0,0,24000,N,,0,motorcycle
2026-05-15_行將競拍結果.md,2026-05-15,914,SYM,JET SR,2024,7,124,白粉紅,自,450,300,0,41000,N,,0,motorcycle
2026-05-15_行將競拍結果.md,2026-05-15,325,YAMAHA,CYGNUS-X,2019,3,124,深灰黑紅,自,450,7300,0,21000,N,,0,motorcycle
2026-05-15_行將競拍結果.md,2026-05-15,901,YAMAHA,VINOORA,2021,3,125,深灰,自,0,1200,0,25000,N,,0,motorcycle
2026-05-15_行將競拍結果.md,2026-05-15,933,YAMAHA,YZF-R3,2017,4,321,深灰,手,186,2100,0,7000,N,,0,motorcycle
2026-06-12_行將競拍結果.md,2026-06-12,846,SUZUKI,CARRY,2017,1,1590,白,手,2700,0,0,110000,A,,0,motorcycle
2026-06-12_行將競拍結果.md,2026-06-12,1005,SUZUKI,JIMNY,2021,5,1462,綠,自,0,0,0,521000,A,64420,1,motorcycle
2026-06-12_行將競拍結果.md,2026-06-12,922,SYM,VIVO,2022,9,124,灰,自,0,0,0,13000,N,13320,1,motorcycle
2026-06-12_行將競拍結果.md,2026-06-12,910,SYM,WOO 115,2021,2,115,淺棕,自,0,0,0,9000,N,50214,1,motorcycle
2026-06-12_行將競拍結果.md,2026-06-12,314,YAMAHA,AUGUR,2023,8,155,灰,自,800,0,0,55000,N,,0,motorcycle
2026-06-12_行將競拍結果.md,2026-06-12,313,YAMAHA,GRYPHUS,2022,5,125,深灰,自,450,6840,0,30000,N,,0,motorcycle
2026-06-12_行將競拍結果.md,2026-06-12,702,YAMAHA,R15,2022,10,155,銀黑,手,286,0,0,45000,N,8018,1,motorcycle
2026-06-12_行將競拍結果.md,2026-06-12,931,YAMAHA,R3,2016,3,321,紅白,手,160,1800,0,18000,N,,0,motorcycle
2026-06-17_行將競拍結果.md,2026-06-17,123,SUZUKI,CARRY,2019,9,1462,銀,手,7500,1200,0,159000,B,57388,1,motorcycle
2026-06-17_行將競拍結果.md,2026-06-17,1028,SUZUKI,JIMNY,2020,12,1462,淺黃黑,自,0,0,0,531000,B,66379,1,motorcycle
2026-06-17_行將競拍結果.md,2026-06-17,2119,SUZUKI,SWIFT,2012,1,1372,白,自,0,0,0,81000,B,173548,1,motorcycle
2026-06-17_行將競拍結果.md,2026-06-17,311,SYM,MMBCU,2022,11,158,綠,自,0,0,0,49000,N,,0,motorcycle
2026-06-17_行將競拍結果.md,2026-06-17,702,YAMAHA,CYGNUS-X,2022,10,125,白,自,900,19800,0,47000,N,8179,1,motorcycle
2026-06-17_行將競拍結果.md,2026-06-17,302,YAMAHA,TMAX,2024,10,562,深紅黑,自,0,0,0,370000,N,639,1,motorcycle
2026-06-19_行將競拍結果.md,2026-06-19,855,SUZUKI,CARRY,2017,5,1590,白,手,0,0,0,127000,A,180716,1,motorcycle
2026-06-19_行將競拍結果.md,2026-06-19,914,SYM,DUKE 125,2024,2,124,藍,自,450,0,0,19000,N,,0,motorcycle
2026-06-19_行將競拍結果.md,2026-06-19,305,SYM,JET SL,2025,8,124,紫黑,自,0,1800,0,51000,N,,0,motorcycle
2026-06-19_行將競拍結果.md,2026-06-19,330,SYM,WOO 115,2020,4,115,紅,自,450,2100,1,5000,N,17276,1,motorcycle
2026-06-19_行將競拍結果.md,2026-06-19,307,YAMAHA,GRYPHUS,2022,10,125,深藍,自,0,0,0,28000,N,,0,motorcycle
2026-06-19_行將競拍結果.md,2026-06-19,901,YAMAHA,RS NEO,2019,10,124,白灰,自,0,0,0,15000,N,,0,motorcycle
